author, title, summary, images, source, date
AAP, Shark who mauled bodyboarder a great white, BIOLOGISTS believe the shark that attacked a bodyboarder at Lighthouse Beach Port Macquarie over the weekend was a 2.7m great white., Not Available, http://www.heraldsun.com.au/news/breaking-news/beach-still-closed-after-nsw-shark-attack/story-fni0xqi4-1227495777733?from=herald+sun_rss, 2015-08-24
By Evan Schwarten, Fortescue banks on Chinese stimulus, FORTESCUE Metals expects China's stimulus efforts to help boost demand for iron ore following an 88 per cent slide in its full year profit., http://resources0.news.com.au/images/2015/08/24/1227496/125752-fortescue-profit-down-88-.jpg, http://www.heraldsun.com.au/business/breaking-news/fortescue-profit-down-88/story-fni0xqe4-1227496078050?from=herald+sun_rss, 2015-08-24
AAP, No assault charge for NSW Labor boss, POLICE have declined to charge NSW Labor's most senior official Jamie Clements over an alleged assault on a parliamentary staffer in parliament., Not Available, http://www.heraldsun.com.au/news/breaking-news/no-assault-charge-for-nsw-labor-boss/story-fni0xqi4-1227496775003?from=herald+sun_rss, 2015-08-24
By Karlis Salna, Monis 'never seen at any Sydney mosques', THE inquest into the Sydney siege has heard that claims by gunman Man Haron Monis about his standing in the Muslim community were likely to be false., http://resources1.news.com.au/images/2015/08/24/1227496/803541-monis-never-seen-at-any-sydney-mosques-.jpg, http://www.heraldsun.com.au/news/breaking-news/lindt-cafe-siege-inquest-continues/story-fni0xqi4-1227495760908?from=herald+sun_rss, 2015-08-24
AAP, New SA plant may employ Holden workers, A NEW food processing plant may be built in Adelaide's north and could eventually provide jobs for Holden workers looking for work over the next few years., Not Available, http://www.heraldsun.com.au/news/breaking-news/new-sa-plant-may-employ-holden-workers/story-fni0xqi4-1227496709870?from=herald+sun_rss, 2015-08-24
AAP, Heydon delays ruling on standing aside, A DECISION on whether unions royal commissioner Dyson Heydon stands aside won't be delivered on Tuesday., http://resources2.news.com.au/images/2015/08/24/1227496/550142-government-won-t-reveal-heydon-plan-b.jpg, http://www.heraldsun.com.au/news/breaking-news/government-wont-reveal-heydon-plan-b/story-fni0xqi4-1227496549976?from=herald+sun_rss, 2015-08-24
AAP, Masterchef judge sued for unpaid bills, MASTERCHEF judge Gary Mehigan is being sued for more than $167000 over unpaid invoices for building a Melbourne events venue., Not Available, http://www.heraldsun.com.au/news/breaking-news/masterchef-judge-sued-for-unpaid-bills/story-fni0xqi4-1227496792922?from=herald+sun_rss, 2015-08-24
AAP, SA premier defends minister's travel, SOUTH Australian Premier Jay Weatherill has defended his tourism minister against criticism of his travel spending., Not Available, http://www.heraldsun.com.au/news/breaking-news/sa-premier-defends-ministers-travel/story-fni0xqi4-1227496798236?from=herald+sun_rss, 2015-08-24
Simone Ziaziaris, No subsidy for Meningococcal B vaccine, PARENTS who wish to vaccinate their child against meningococcal B will be faced with a pricey bill after it was rejected by the government's PBAC., Not Available, http://www.heraldsun.com.au/news/breaking-news/no-subsidy-for-meningococcal-b-vaccine/story-fni0xqi4-1227496754854?from=herald+sun_rss, 2015-08-24
By Annette Blackwell, Pope Francis has 'not' shown leadership, RETIRED bishop Geoffrey Robinson has told a royal commission that papal leadership on combating the abuse of minors has never been up to scratch., http://resources2.news.com.au/images/2015/08/24/1227496/787686-pope-francis-has-not-shown-leadership.jpg, http://www.heraldsun.com.au/news/breaking-news/pope-francis-has-not-shown-leadership/story-fni0xqi4-1227496721601?from=herald+sun_rss, 2015-08-24
